email_body,intent,tone,audience
I am writing to apply for the Data Scientist position and would like to share my qualifications.,Job Application,Formal,HR
I am writing to apply for the Data Scientist position and would like to share my qualifications.,Job Application,Formal,HR
I am writing to apply for the Data Scientist position and would like to share my qualifications.,Job Application,Formal,HR
I am writing to apply for the Data Scientist position and would like to share my qualifications.,Job Application,Formal,HR
I am writing to apply for the Data Scientist position and would like to share my qualifications.,Job Application,Formal,HR
I am writing to apply for the Data Scientist position and would like to share my qualifications.,Job Application,Formal,HR
I am writing to apply for the Data Scientist position and would like to share my qualifications.,Job Application,Formal,HR
I am writing to apply for the Data Scientist position and would like to share my qualifications.,Job Application,Formal,HR
I am writing to apply for the Data Scientist position and would like to share my qualifications.,Job Application,Formal,HR
I am writing to apply for the Data Scientist position and would like to share my qualifications.,Job Application,Formal,HR
I am writing to apply for the Data Scientist position and would like to share my qualifications.,Job Application,Formal,HR
I am writing to apply for the Data Scientist position and would like to share my qualifications.,Job Application,Formal,HR
I am writing to apply for the Data Scientist position and would like to share my qualifications.,Job Application,Formal,HR
I am writing to apply for the Data Scientist position and would like to share my qualifications.,Job Application,Formal,HR
I am writing to apply for the Data Scientist position and would like to share my qualifications.,Job Application,Formal,HR
I am writing to apply for the Data Scientist position and would like to share my qualifications.,Job Application,Formal,HR
I am writing to apply for the Data Scientist position and would like to share my qualifications.,Job Application,Formal,HR
I am writing to apply for the Data Scientist position and would like to share my qualifications.,Job Application,Formal,HR
I am writing to apply for the Data Scientist position and would like to share my qualifications.,Job Application,Formal,HR
I am writing to apply for the Data Scientist position and would like to share my qualifications.,Job Application,Formal,HR
I am writing to apply for the Data Scientist position and would like to share my qualifications.,Job Application,Formal,HR
I am writing to apply for the Data Scientist position and would like to share my qualifications.,Job Application,Formal,HR
I am writing to apply for the Data Scientist position and would like to share my qualifications.,Job Application,Formal,HR
I am writing to apply for the Data Scientist position and would like to share my qualifications.,Job Application,Formal,HR
I am writing to apply for the Data Scientist position and would like to share my qualifications.,Job Application,Formal,HR
I am writing to apply for the Data Scientist position and would like to share my qualifications.,Job Application,Formal,HR
I am writing to apply for the Data Scientist position and would like to share my qualifications.,Job Application,Formal,HR
I am writing to apply for the Data Scientist position and would like to share my qualifications.,Job Application,Formal,HR
I am writing to apply for the Data Scientist position and would like to share my qualifications.,Job Application,Formal,HR
I am writing to apply for the Data Scientist position and would like to share my qualifications.,Job Application,Formal,HR
I am writing to apply for the Data Scientist position and would like to share my qualifications.,Job Application,Formal,HR
I am writing to apply for the Data Scientist position and would like to share my qualifications.,Job Application,Formal,HR
I am writing to apply for the Data Scientist position and would like to share my qualifications.,Job Application,Formal,HR
I am writing to apply for the Data Scientist position and would like to share my qualifications.,Job Application,Formal,HR
I am writing to apply for the Data Scientist position and would like to share my qualifications.,Job Application,Formal,HR
I am writing to apply for the Data Scientist position and would like to share my qualifications.,Job Application,Formal,HR
I am writing to apply for the Data Scientist position and would like to share my qualifications.,Job Application,Formal,HR
I am writing to apply for the Data Scientist position and would like to share my qualifications.,Job Application,Formal,HR
I am writing to apply for the Data Scientist position and would like to share my qualifications.,Job Application,Formal,HR
I am writing to apply for the Data Scientist position and would like to share my qualifications.,Job Application,Formal,HR
I am writing to apply for the Data Scientist position and would like to share my qualifications.,Job Application,Formal,HR
I am writing to apply for the Data Scientist position and would like to share my qualifications.,Job Application,Formal,HR
I am writing to apply for the Data Scientist position and would like to share my qualifications.,Job Application,Formal,HR
I am writing to apply for the Data Scientist position and would like to share my qualifications.,Job Application,Formal,HR
I am writing to apply for the Data Scientist position and would like to share my qualifications.,Job Application,Formal,HR
I am writing to apply for the Data Scientist position and would like to share my qualifications.,Job Application,Formal,HR
I am writing to apply for the Data Scientist position and would like to share my qualifications.,Job Application,Formal,HR
I am writing to apply for the Data Scientist position and would like to share my qualifications.,Job Application,Formal,HR
I am writing to apply for the Data Scientist position and would like to share my qualifications.,Job Application,Formal,HR
I am writing to apply for the Data Scientist position and would like to share my qualifications.,Job Application,Formal,HR
I am writing to apply for the Data Scientist position and would like to share my qualifications.,Job Application,Formal,HR
I am writing to apply for the Data Scientist position and would like to share my qualifications.,Job Application,Formal,HR
I am writing to apply for the Data Scientist position and would like to share my qualifications.,Job Application,Formal,HR
I am writing to apply for the Data Scientist position and would like to share my qualifications.,Job Application,Formal,HR
I am writing to apply for the Data Scientist position and would like to share my qualifications.,Job Application,Formal,HR
I am writing to apply for the Data Scientist position and would like to share my qualifications.,Job Application,Formal,HR
I am writing to apply for the Data Scientist position and would like to share my qualifications.,Job Application,Formal,HR
I am writing to apply for the Data Scientist position and would like to share my qualifications.,Job Application,Formal,HR
I am writing to apply for the Data Scientist position and would like to share my qualifications.,Job Application,Formal,HR
I am writing to apply for the Data Scientist position and would like to share my qualifications.,Job Application,Formal,HR
I am writing to apply for the Data Scientist position and would like to share my qualifications.,Job Application,Formal,HR
I am writing to apply for the Data Scientist position and would like to share my qualifications.,Job Application,Formal,HR
I am writing to apply for the Data Scientist position and would like to share my qualifications.,Job Application,Formal,HR
I am writing to apply for the Data Scientist position and would like to share my qualifications.,Job Application,Formal,HR
I am writing to apply for the Data Scientist position and would like to share my qualifications.,Job Application,Formal,HR
I am writing to apply for the Data Scientist position and would like to share my qualifications.,Job Application,Formal,HR
I am writing to apply for the Data Scientist position and would like to share my qualifications.,Job Application,Formal,HR
I am writing to apply for the Data Scientist position and would like to share my qualifications.,Job Application,Formal,HR
I am writing to apply for the Data Scientist position and would like to share my qualifications.,Job Application,Formal,HR
I am writing to apply for the Data Scientist position and would like to share my qualifications.,Job Application,Formal,HR
I am writing to apply for the Data Scientist position and would like to share my qualifications.,Job Application,Formal,HR
I am writing to apply for the Data Scientist position and would like to share my qualifications.,Job Application,Formal,HR
I am writing to apply for the Data Scientist position and would like to share my qualifications.,Job Application,Formal,HR
I am writing to apply for the Data Scientist position and would like to share my qualifications.,Job Application,Formal,HR
I am writing to apply for the Data Scientist position and would like to share my qualifications.,Job Application,Formal,HR
I am writing to apply for the Data Scientist position and would like to share my qualifications.,Job Application,Formal,HR
I am writing to apply for the Data Scientist position and would like to share my qualifications.,Job Application,Formal,HR
I am writing to apply for the Data Scientist position and would like to share my qualifications.,Job Application,Formal,HR
I am writing to apply for the Data Scientist position and would like to share my qualifications.,Job Application,Formal,HR
I am writing to apply for the Data Scientist position and would like to share my qualifications.,Job Application,Formal,HR
I am writing to apply for the Data Scientist position and would like to share my qualifications.,Job Application,Formal,HR
I am writing to apply for the Data Scientist position and would like to share my qualifications.,Job Application,Formal,HR
I am writing to apply for the Data Scientist position and would like to share my qualifications.,Job Application,Formal,HR
I am writing to apply for the Data Scientist position and would like to share my qualifications.,Job Application,Formal,HR
I am writing to apply for the Data Scientist position and would like to share my qualifications.,Job Application,Formal,HR
I am writing to apply for the Data Scientist position and would like to share my qualifications.,Job Application,Formal,HR
I am writing to apply for the Data Scientist position and would like to share my qualifications.,Job Application,Formal,HR
I am writing to apply for the Data Scientist position and would like to share my qualifications.,Job Application,Formal,HR
I am writing to apply for the Data Scientist position and would like to share my qualifications.,Job Application,Formal,HR
I am writing to apply for the Data Scientist position and would like to share my qualifications.,Job Application,Formal,HR
I am writing to apply for the Data Scientist position and would like to share my qualifications.,Job Application,Formal,HR
I am writing to apply for the Data Scientist position and would like to share my qualifications.,Job Application,Formal,HR
I am writing to apply for the Data Scientist position and would like to share my qualifications.,Job Application,Formal,HR
I am writing to apply for the Data Scientist position and would like to share my qualifications.,Job Application,Formal,HR
I am writing to apply for the Data Scientist position and would like to share my qualifications.,Job Application,Formal,HR
I am writing to apply for the Data Scientist position and would like to share my qualifications.,Job Application,Formal,HR
I am writing to apply for the Data Scientist position and would like to share my qualifications.,Job Application,Formal,HR
I am writing to apply for the Data Scientist position and would like to share my qualifications.,Job Application,Formal,HR
I am writing to apply for the Data Scientist position and would like to share my qualifications.,Job Application,Formal,HR
I am writing to apply for the Data Scientist position and would like to share my qualifications.,Job Application,Formal,HR
Thank you for interviewing me yesterday. I wanted to follow up regarding the next steps.,Follow-up,Friendly,HR
Thank you for interviewing me yesterday. I wanted to follow up regarding the next steps.,Follow-up,Friendly,HR
Thank you for interviewing me yesterday. I wanted to follow up regarding the next steps.,Follow-up,Friendly,HR
Thank you for interviewing me yesterday. I wanted to follow up regarding the next steps.,Follow-up,Friendly,HR
Thank you for interviewing me yesterday. I wanted to follow up regarding the next steps.,Follow-up,Friendly,HR
Thank you for interviewing me yesterday. I wanted to follow up regarding the next steps.,Follow-up,Friendly,HR
Thank you for interviewing me yesterday. I wanted to follow up regarding the next steps.,Follow-up,Friendly,HR
Thank you for interviewing me yesterday. I wanted to follow up regarding the next steps.,Follow-up,Friendly,HR
Thank you for interviewing me yesterday. I wanted to follow up regarding the next steps.,Follow-up,Friendly,HR
Thank you for interviewing me yesterday. I wanted to follow up regarding the next steps.,Follow-up,Friendly,HR
Thank you for interviewing me yesterday. I wanted to follow up regarding the next steps.,Follow-up,Friendly,HR
Thank you for interviewing me yesterday. I wanted to follow up regarding the next steps.,Follow-up,Friendly,HR
Thank you for interviewing me yesterday. I wanted to follow up regarding the next steps.,Follow-up,Friendly,HR
Thank you for interviewing me yesterday. I wanted to follow up regarding the next steps.,Follow-up,Friendly,HR
Thank you for interviewing me yesterday. I wanted to follow up regarding the next steps.,Follow-up,Friendly,HR
Thank you for interviewing me yesterday. I wanted to follow up regarding the next steps.,Follow-up,Friendly,HR
Thank you for interviewing me yesterday. I wanted to follow up regarding the next steps.,Follow-up,Friendly,HR
Thank you for interviewing me yesterday. I wanted to follow up regarding the next steps.,Follow-up,Friendly,HR
Thank you for interviewing me yesterday. I wanted to follow up regarding the next steps.,Follow-up,Friendly,HR
Thank you for interviewing me yesterday. I wanted to follow up regarding the next steps.,Follow-up,Friendly,HR
Thank you for interviewing me yesterday. I wanted to follow up regarding the next steps.,Follow-up,Friendly,HR
Thank you for interviewing me yesterday. I wanted to follow up regarding the next steps.,Follow-up,Friendly,HR
Thank you for interviewing me yesterday. I wanted to follow up regarding the next steps.,Follow-up,Friendly,HR
Thank you for interviewing me yesterday. I wanted to follow up regarding the next steps.,Follow-up,Friendly,HR
Thank you for interviewing me yesterday. I wanted to follow up regarding the next steps.,Follow-up,Friendly,HR
Thank you for interviewing me yesterday. I wanted to follow up regarding the next steps.,Follow-up,Friendly,HR
Thank you for interviewing me yesterday. I wanted to follow up regarding the next steps.,Follow-up,Friendly,HR
Thank you for interviewing me yesterday. I wanted to follow up regarding the next steps.,Follow-up,Friendly,HR
Thank you for interviewing me yesterday. I wanted to follow up regarding the next steps.,Follow-up,Friendly,HR
Thank you for interviewing me yesterday. I wanted to follow up regarding the next steps.,Follow-up,Friendly,HR
Thank you for interviewing me yesterday. I wanted to follow up regarding the next steps.,Follow-up,Friendly,HR
Thank you for interviewing me yesterday. I wanted to follow up regarding the next steps.,Follow-up,Friendly,HR
Thank you for interviewing me yesterday. I wanted to follow up regarding the next steps.,Follow-up,Friendly,HR
Thank you for interviewing me yesterday. I wanted to follow up regarding the next steps.,Follow-up,Friendly,HR
Thank you for interviewing me yesterday. I wanted to follow up regarding the next steps.,Follow-up,Friendly,HR
Thank you for interviewing me yesterday. I wanted to follow up regarding the next steps.,Follow-up,Friendly,HR
Thank you for interviewing me yesterday. I wanted to follow up regarding the next steps.,Follow-up,Friendly,HR
Thank you for interviewing me yesterday. I wanted to follow up regarding the next steps.,Follow-up,Friendly,HR
Thank you for interviewing me yesterday. I wanted to follow up regarding the next steps.,Follow-up,Friendly,HR
Thank you for interviewing me yesterday. I wanted to follow up regarding the next steps.,Follow-up,Friendly,HR
Thank you for interviewing me yesterday. I wanted to follow up regarding the next steps.,Follow-up,Friendly,HR
Thank you for interviewing me yesterday. I wanted to follow up regarding the next steps.,Follow-up,Friendly,HR
Thank you for interviewing me yesterday. I wanted to follow up regarding the next steps.,Follow-up,Friendly,HR
Thank you for interviewing me yesterday. I wanted to follow up regarding the next steps.,Follow-up,Friendly,HR
Thank you for interviewing me yesterday. I wanted to follow up regarding the next steps.,Follow-up,Friendly,HR
Thank you for interviewing me yesterday. I wanted to follow up regarding the next steps.,Follow-up,Friendly,HR
Thank you for interviewing me yesterday. I wanted to follow up regarding the next steps.,Follow-up,Friendly,HR
Thank you for interviewing me yesterday. I wanted to follow up regarding the next steps.,Follow-up,Friendly,HR
Thank you for interviewing me yesterday. I wanted to follow up regarding the next steps.,Follow-up,Friendly,HR
Thank you for interviewing me yesterday. I wanted to follow up regarding the next steps.,Follow-up,Friendly,HR
Thank you for interviewing me yesterday. I wanted to follow up regarding the next steps.,Follow-up,Friendly,HR
Thank you for interviewing me yesterday. I wanted to follow up regarding the next steps.,Follow-up,Friendly,HR
Thank you for interviewing me yesterday. I wanted to follow up regarding the next steps.,Follow-up,Friendly,HR
Thank you for interviewing me yesterday. I wanted to follow up regarding the next steps.,Follow-up,Friendly,HR
Thank you for interviewing me yesterday. I wanted to follow up regarding the next steps.,Follow-up,Friendly,HR
Thank you for interviewing me yesterday. I wanted to follow up regarding the next steps.,Follow-up,Friendly,HR
Thank you for interviewing me yesterday. I wanted to follow up regarding the next steps.,Follow-up,Friendly,HR
Thank you for interviewing me yesterday. I wanted to follow up regarding the next steps.,Follow-up,Friendly,HR
Thank you for interviewing me yesterday. I wanted to follow up regarding the next steps.,Follow-up,Friendly,HR
Thank you for interviewing me yesterday. I wanted to follow up regarding the next steps.,Follow-up,Friendly,HR
Thank you for interviewing me yesterday. I wanted to follow up regarding the next steps.,Follow-up,Friendly,HR
Thank you for interviewing me yesterday. I wanted to follow up regarding the next steps.,Follow-up,Friendly,HR
Thank you for interviewing me yesterday. I wanted to follow up regarding the next steps.,Follow-up,Friendly,HR
Thank you for interviewing me yesterday. I wanted to follow up regarding the next steps.,Follow-up,Friendly,HR
Thank you for interviewing me yesterday. I wanted to follow up regarding the next steps.,Follow-up,Friendly,HR
Thank you for interviewing me yesterday. I wanted to follow up regarding the next steps.,Follow-up,Friendly,HR
Thank you for interviewing me yesterday. I wanted to follow up regarding the next steps.,Follow-up,Friendly,HR
Thank you for interviewing me yesterday. I wanted to follow up regarding the next steps.,Follow-up,Friendly,HR
Thank you for interviewing me yesterday. I wanted to follow up regarding the next steps.,Follow-up,Friendly,HR
Thank you for interviewing me yesterday. I wanted to follow up regarding the next steps.,Follow-up,Friendly,HR
Thank you for interviewing me yesterday. I wanted to follow up regarding the next steps.,Follow-up,Friendly,HR
Thank you for interviewing me yesterday. I wanted to follow up regarding the next steps.,Follow-up,Friendly,HR
Thank you for interviewing me yesterday. I wanted to follow up regarding the next steps.,Follow-up,Friendly,HR
Thank you for interviewing me yesterday. I wanted to follow up regarding the next steps.,Follow-up,Friendly,HR
Thank you for interviewing me yesterday. I wanted to follow up regarding the next steps.,Follow-up,Friendly,HR
Thank you for interviewing me yesterday. I wanted to follow up regarding the next steps.,Follow-up,Friendly,HR
Thank you for interviewing me yesterday. I wanted to follow up regarding the next steps.,Follow-up,Friendly,HR
Thank you for interviewing me yesterday. I wanted to follow up regarding the next steps.,Follow-up,Friendly,HR
Thank you for interviewing me yesterday. I wanted to follow up regarding the next steps.,Follow-up,Friendly,HR
Thank you for interviewing me yesterday. I wanted to follow up regarding the next steps.,Follow-up,Friendly,HR
Thank you for interviewing me yesterday. I wanted to follow up regarding the next steps.,Follow-up,Friendly,HR
Thank you for interviewing me yesterday. I wanted to follow up regarding the next steps.,Follow-up,Friendly,HR
Thank you for interviewing me yesterday. I wanted to follow up regarding the next steps.,Follow-up,Friendly,HR
Thank you for interviewing me yesterday. I wanted to follow up regarding the next steps.,Follow-up,Friendly,HR
Thank you for interviewing me yesterday. I wanted to follow up regarding the next steps.,Follow-up,Friendly,HR
Thank you for interviewing me yesterday. I wanted to follow up regarding the next steps.,Follow-up,Friendly,HR
Thank you for interviewing me yesterday. I wanted to follow up regarding the next steps.,Follow-up,Friendly,HR
Thank you for interviewing me yesterday. I wanted to follow up regarding the next steps.,Follow-up,Friendly,HR
Thank you for interviewing me yesterday. I wanted to follow up regarding the next steps.,Follow-up,Friendly,HR
Thank you for interviewing me yesterday. I wanted to follow up regarding the next steps.,Follow-up,Friendly,HR
Thank you for interviewing me yesterday. I wanted to follow up regarding the next steps.,Follow-up,Friendly,HR
Thank you for interviewing me yesterday. I wanted to follow up regarding the next steps.,Follow-up,Friendly,HR
Thank you for interviewing me yesterday. I wanted to follow up regarding the next steps.,Follow-up,Friendly,HR
Thank you for interviewing me yesterday. I wanted to follow up regarding the next steps.,Follow-up,Friendly,HR
Thank you for interviewing me yesterday. I wanted to follow up regarding the next steps.,Follow-up,Friendly,HR
Thank you for interviewing me yesterday. I wanted to follow up regarding the next steps.,Follow-up,Friendly,HR
Thank you for interviewing me yesterday. I wanted to follow up regarding the next steps.,Follow-up,Friendly,HR
Thank you for interviewing me yesterday. I wanted to follow up regarding the next steps.,Follow-up,Friendly,HR
Thank you for interviewing me yesterday. I wanted to follow up regarding the next steps.,Follow-up,Friendly,HR
Thank you for interviewing me yesterday. I wanted to follow up regarding the next steps.,Follow-up,Friendly,HR
Could you please review my attached research proposal and provide feedback?,Request,Formal,Professor
Could you please review my attached research proposal and provide feedback?,Request,Formal,Professor
Could you please review my attached research proposal and provide feedback?,Request,Formal,Professor
Could you please review my attached research proposal and provide feedback?,Request,Formal,Professor
Could you please review my attached research proposal and provide feedback?,Request,Formal,Professor
Could you please review my attached research proposal and provide feedback?,Request,Formal,Professor
Could you please review my attached research proposal and provide feedback?,Request,Formal,Professor
Could you please review my attached research proposal and provide feedback?,Request,Formal,Professor
Could you please review my attached research proposal and provide feedback?,Request,Formal,Professor
Could you please review my attached research proposal and provide feedback?,Request,Formal,Professor
Could you please review my attached research proposal and provide feedback?,Request,Formal,Professor
Could you please review my attached research proposal and provide feedback?,Request,Formal,Professor
Could you please review my attached research proposal and provide feedback?,Request,Formal,Professor
Could you please review my attached research proposal and provide feedback?,Request,Formal,Professor
Could you please review my attached research proposal and provide feedback?,Request,Formal,Professor
Could you please review my attached research proposal and provide feedback?,Request,Formal,Professor
Could you please review my attached research proposal and provide feedback?,Request,Formal,Professor
Could you please review my attached research proposal and provide feedback?,Request,Formal,Professor
Could you please review my attached research proposal and provide feedback?,Request,Formal,Professor
Could you please review my attached research proposal and provide feedback?,Request,Formal,Professor
Could you please review my attached research proposal and provide feedback?,Request,Formal,Professor
Could you please review my attached research proposal and provide feedback?,Request,Formal,Professor
Could you please review my attached research proposal and provide feedback?,Request,Formal,Professor
Could you please review my attached research proposal and provide feedback?,Request,Formal,Professor
Could you please review my attached research proposal and provide feedback?,Request,Formal,Professor
Could you please review my attached research proposal and provide feedback?,Request,Formal,Professor
Could you please review my attached research proposal and provide feedback?,Request,Formal,Professor
Could you please review my attached research proposal and provide feedback?,Request,Formal,Professor
Could you please review my attached research proposal and provide feedback?,Request,Formal,Professor
Could you please review my attached research proposal and provide feedback?,Request,Formal,Professor
Could you please review my attached research proposal and provide feedback?,Request,Formal,Professor
Could you please review my attached research proposal and provide feedback?,Request,Formal,Professor
Could you please review my attached research proposal and provide feedback?,Request,Formal,Professor
Could you please review my attached research proposal and provide feedback?,Request,Formal,Professor
Could you please review my attached research proposal and provide feedback?,Request,Formal,Professor
Could you please review my attached research proposal and provide feedback?,Request,Formal,Professor
Could you please review my attached research proposal and provide feedback?,Request,Formal,Professor
Could you please review my attached research proposal and provide feedback?,Request,Formal,Professor
Could you please review my attached research proposal and provide feedback?,Request,Formal,Professor
Could you please review my attached research proposal and provide feedback?,Request,Formal,Professor
Could you please review my attached research proposal and provide feedback?,Request,Formal,Professor
Could you please review my attached research proposal and provide feedback?,Request,Formal,Professor
Could you please review my attached research proposal and provide feedback?,Request,Formal,Professor
Could you please review my attached research proposal and provide feedback?,Request,Formal,Professor
Could you please review my attached research proposal and provide feedback?,Request,Formal,Professor
Could you please review my attached research proposal and provide feedback?,Request,Formal,Professor
Could you please review my attached research proposal and provide feedback?,Request,Formal,Professor
Could you please review my attached research proposal and provide feedback?,Request,Formal,Professor
Could you please review my attached research proposal and provide feedback?,Request,Formal,Professor
Could you please review my attached research proposal and provide feedback?,Request,Formal,Professor
Could you please review my attached research proposal and provide feedback?,Request,Formal,Professor
Could you please review my attached research proposal and provide feedback?,Request,Formal,Professor
Could you please review my attached research proposal and provide feedback?,Request,Formal,Professor
Could you please review my attached research proposal and provide feedback?,Request,Formal,Professor
Could you please review my attached research proposal and provide feedback?,Request,Formal,Professor
Could you please review my attached research proposal and provide feedback?,Request,Formal,Professor
Could you please review my attached research proposal and provide feedback?,Request,Formal,Professor
Could you please review my attached research proposal and provide feedback?,Request,Formal,Professor
Could you please review my attached research proposal and provide feedback?,Request,Formal,Professor
Could you please review my attached research proposal and provide feedback?,Request,Formal,Professor
Could you please review my attached research proposal and provide feedback?,Request,Formal,Professor
Could you please review my attached research proposal and provide feedback?,Request,Formal,Professor
Could you please review my attached research proposal and provide feedback?,Request,Formal,Professor
Could you please review my attached research proposal and provide feedback?,Request,Formal,Professor
Could you please review my attached research proposal and provide feedback?,Request,Formal,Professor
Could you please review my attached research proposal and provide feedback?,Request,Formal,Professor
Could you please review my attached research proposal and provide feedback?,Request,Formal,Professor
Could you please review my attached research proposal and provide feedback?,Request,Formal,Professor
Could you please review my attached research proposal and provide feedback?,Request,Formal,Professor
Could you please review my attached research proposal and provide feedback?,Request,Formal,Professor
Could you please review my attached research proposal and provide feedback?,Request,Formal,Professor
Could you please review my attached research proposal and provide feedback?,Request,Formal,Professor
Could you please review my attached research proposal and provide feedback?,Request,Formal,Professor
Could you please review my attached research proposal and provide feedback?,Request,Formal,Professor
Could you please review my attached research proposal and provide feedback?,Request,Formal,Professor
Could you please review my attached research proposal and provide feedback?,Request,Formal,Professor
Could you please review my attached research proposal and provide feedback?,Request,Formal,Professor
Could you please review my attached research proposal and provide feedback?,Request,Formal,Professor
Could you please review my attached research proposal and provide feedback?,Request,Formal,Professor
Could you please review my attached research proposal and provide feedback?,Request,Formal,Professor
Could you please review my attached research proposal and provide feedback?,Request,Formal,Professor
Could you please review my attached research proposal and provide feedback?,Request,Formal,Professor
Could you please review my attached research proposal and provide feedback?,Request,Formal,Professor
Could you please review my attached research proposal and provide feedback?,Request,Formal,Professor
Could you please review my attached research proposal and provide feedback?,Request,Formal,Professor
Could you please review my attached research proposal and provide feedback?,Request,Formal,Professor
Could you please review my attached research proposal and provide feedback?,Request,Formal,Professor
Could you please review my attached research proposal and provide feedback?,Request,Formal,Professor
Could you please review my attached research proposal and provide feedback?,Request,Formal,Professor
Could you please review my attached research proposal and provide feedback?,Request,Formal,Professor
Could you please review my attached research proposal and provide feedback?,Request,Formal,Professor
Could you please review my attached research proposal and provide feedback?,Request,Formal,Professor
Could you please review my attached research proposal and provide feedback?,Request,Formal,Professor
Could you please review my attached research proposal and provide feedback?,Request,Formal,Professor
Could you please review my attached research proposal and provide feedback?,Request,Formal,Professor
Could you please review my attached research proposal and provide feedback?,Request,Formal,Professor
Could you please review my attached research proposal and provide feedback?,Request,Formal,Professor
Could you please review my attached research proposal and provide feedback?,Request,Formal,Professor
Could you please review my attached research proposal and provide feedback?,Request,Formal,Professor
Could you please review my attached research proposal and provide feedback?,Request,Formal,Professor
Limited-time offer! Get 50% off on our premium subscription.,Marketing,Persuasive,Customer
Limited-time offer! Get 50% off on our premium subscription.,Marketing,Persuasive,Customer
Limited-time offer! Get 50% off on our premium subscription.,Marketing,Persuasive,Customer
Limited-time offer! Get 50% off on our premium subscription.,Marketing,Persuasive,Customer
Limited-time offer! Get 50% off on our premium subscription.,Marketing,Persuasive,Customer
Limited-time offer! Get 50% off on our premium subscription.,Marketing,Persuasive,Customer
Limited-time offer! Get 50% off on our premium subscription.,Marketing,Persuasive,Customer
Limited-time offer! Get 50% off on our premium subscription.,Marketing,Persuasive,Customer
Limited-time offer! Get 50% off on our premium subscription.,Marketing,Persuasive,Customer
Limited-time offer! Get 50% off on our premium subscription.,Marketing,Persuasive,Customer
Limited-time offer! Get 50% off on our premium subscription.,Marketing,Persuasive,Customer
Limited-time offer! Get 50% off on our premium subscription.,Marketing,Persuasive,Customer
Limited-time offer! Get 50% off on our premium subscription.,Marketing,Persuasive,Customer
Limited-time offer! Get 50% off on our premium subscription.,Marketing,Persuasive,Customer
Limited-time offer! Get 50% off on our premium subscription.,Marketing,Persuasive,Customer
Limited-time offer! Get 50% off on our premium subscription.,Marketing,Persuasive,Customer
Limited-time offer! Get 50% off on our premium subscription.,Marketing,Persuasive,Customer
Limited-time offer! Get 50% off on our premium subscription.,Marketing,Persuasive,Customer
Limited-time offer! Get 50% off on our premium subscription.,Marketing,Persuasive,Customer
Limited-time offer! Get 50% off on our premium subscription.,Marketing,Persuasive,Customer
Limited-time offer! Get 50% off on our premium subscription.,Marketing,Persuasive,Customer
Limited-time offer! Get 50% off on our premium subscription.,Marketing,Persuasive,Customer
Limited-time offer! Get 50% off on our premium subscription.,Marketing,Persuasive,Customer
Limited-time offer! Get 50% off on our premium subscription.,Marketing,Persuasive,Customer
Limited-time offer! Get 50% off on our premium subscription.,Marketing,Persuasive,Customer
Limited-time offer! Get 50% off on our premium subscription.,Marketing,Persuasive,Customer
Limited-time offer! Get 50% off on our premium subscription.,Marketing,Persuasive,Customer
Limited-time offer! Get 50% off on our premium subscription.,Marketing,Persuasive,Customer
Limited-time offer! Get 50% off on our premium subscription.,Marketing,Persuasive,Customer
Limited-time offer! Get 50% off on our premium subscription.,Marketing,Persuasive,Customer
Limited-time offer! Get 50% off on our premium subscription.,Marketing,Persuasive,Customer
Limited-time offer! Get 50% off on our premium subscription.,Marketing,Persuasive,Customer
Limited-time offer! Get 50% off on our premium subscription.,Marketing,Persuasive,Customer
Limited-time offer! Get 50% off on our premium subscription.,Marketing,Persuasive,Customer
Limited-time offer! Get 50% off on our premium subscription.,Marketing,Persuasive,Customer
Limited-time offer! Get 50% off on our premium subscription.,Marketing,Persuasive,Customer
Limited-time offer! Get 50% off on our premium subscription.,Marketing,Persuasive,Customer
Limited-time offer! Get 50% off on our premium subscription.,Marketing,Persuasive,Customer
Limited-time offer! Get 50% off on our premium subscription.,Marketing,Persuasive,Customer
Limited-time offer! Get 50% off on our premium subscription.,Marketing,Persuasive,Customer
Limited-time offer! Get 50% off on our premium subscription.,Marketing,Persuasive,Customer
Limited-time offer! Get 50% off on our premium subscription.,Marketing,Persuasive,Customer
Limited-time offer! Get 50% off on our premium subscription.,Marketing,Persuasive,Customer
Limited-time offer! Get 50% off on our premium subscription.,Marketing,Persuasive,Customer
Limited-time offer! Get 50% off on our premium subscription.,Marketing,Persuasive,Customer
Limited-time offer! Get 50% off on our premium subscription.,Marketing,Persuasive,Customer
Limited-time offer! Get 50% off on our premium subscription.,Marketing,Persuasive,Customer
Limited-time offer! Get 50% off on our premium subscription.,Marketing,Persuasive,Customer
Limited-time offer! Get 50% off on our premium subscription.,Marketing,Persuasive,Customer
Limited-time offer! Get 50% off on our premium subscription.,Marketing,Persuasive,Customer
Limited-time offer! Get 50% off on our premium subscription.,Marketing,Persuasive,Customer
Limited-time offer! Get 50% off on our premium subscription.,Marketing,Persuasive,Customer
Limited-time offer! Get 50% off on our premium subscription.,Marketing,Persuasive,Customer
Limited-time offer! Get 50% off on our premium subscription.,Marketing,Persuasive,Customer
Limited-time offer! Get 50% off on our premium subscription.,Marketing,Persuasive,Customer
Limited-time offer! Get 50% off on our premium subscription.,Marketing,Persuasive,Customer
Limited-time offer! Get 50% off on our premium subscription.,Marketing,Persuasive,Customer
Limited-time offer! Get 50% off on our premium subscription.,Marketing,Persuasive,Customer
Limited-time offer! Get 50% off on our premium subscription.,Marketing,Persuasive,Customer
Limited-time offer! Get 50% off on our premium subscription.,Marketing,Persuasive,Customer
Limited-time offer! Get 50% off on our premium subscription.,Marketing,Persuasive,Customer
Limited-time offer! Get 50% off on our premium subscription.,Marketing,Persuasive,Customer
Limited-time offer! Get 50% off on our premium subscription.,Marketing,Persuasive,Customer
Limited-time offer! Get 50% off on our premium subscription.,Marketing,Persuasive,Customer
Limited-time offer! Get 50% off on our premium subscription.,Marketing,Persuasive,Customer
Limited-time offer! Get 50% off on our premium subscription.,Marketing,Persuasive,Customer
Limited-time offer! Get 50% off on our premium subscription.,Marketing,Persuasive,Customer
Limited-time offer! Get 50% off on our premium subscription.,Marketing,Persuasive,Customer
Limited-time offer! Get 50% off on our premium subscription.,Marketing,Persuasive,Customer
Limited-time offer! Get 50% off on our premium subscription.,Marketing,Persuasive,Customer
Limited-time offer! Get 50% off on our premium subscription.,Marketing,Persuasive,Customer
Limited-time offer! Get 50% off on our premium subscription.,Marketing,Persuasive,Customer
Limited-time offer! Get 50% off on our premium subscription.,Marketing,Persuasive,Customer
Limited-time offer! Get 50% off on our premium subscription.,Marketing,Persuasive,Customer
Limited-time offer! Get 50% off on our premium subscription.,Marketing,Persuasive,Customer
Limited-time offer! Get 50% off on our premium subscription.,Marketing,Persuasive,Customer
Limited-time offer! Get 50% off on our premium subscription.,Marketing,Persuasive,Customer
Limited-time offer! Get 50% off on our premium subscription.,Marketing,Persuasive,Customer
Limited-time offer! Get 50% off on our premium subscription.,Marketing,Persuasive,Customer
Limited-time offer! Get 50% off on our premium subscription.,Marketing,Persuasive,Customer
Limited-time offer! Get 50% off on our premium subscription.,Marketing,Persuasive,Customer
Limited-time offer! Get 50% off on our premium subscription.,Marketing,Persuasive,Customer
Limited-time offer! Get 50% off on our premium subscription.,Marketing,Persuasive,Customer
Limited-time offer! Get 50% off on our premium subscription.,Marketing,Persuasive,Customer
Limited-time offer! Get 50% off on our premium subscription.,Marketing,Persuasive,Customer
Limited-time offer! Get 50% off on our premium subscription.,Marketing,Persuasive,Customer
Limited-time offer! Get 50% off on our premium subscription.,Marketing,Persuasive,Customer
Limited-time offer! Get 50% off on our premium subscription.,Marketing,Persuasive,Customer
Limited-time offer! Get 50% off on our premium subscription.,Marketing,Persuasive,Customer
Limited-time offer! Get 50% off on our premium subscription.,Marketing,Persuasive,Customer
Limited-time offer! Get 50% off on our premium subscription.,Marketing,Persuasive,Customer
Limited-time offer! Get 50% off on our premium subscription.,Marketing,Persuasive,Customer
Limited-time offer! Get 50% off on our premium subscription.,Marketing,Persuasive,Customer
Limited-time offer! Get 50% off on our premium subscription.,Marketing,Persuasive,Customer
Limited-time offer! Get 50% off on our premium subscription.,Marketing,Persuasive,Customer
Limited-time offer! Get 50% off on our premium subscription.,Marketing,Persuasive,Customer
Limited-time offer! Get 50% off on our premium subscription.,Marketing,Persuasive,Customer
Limited-time offer! Get 50% off on our premium subscription.,Marketing,Persuasive,Customer
Limited-time offer! Get 50% off on our premium subscription.,Marketing,Persuasive,Customer
Limited-time offer! Get 50% off on our premium subscription.,Marketing,Persuasive,Customer
We are excited to announce the launch of our new analytics platform.,Announcement,Friendly,Customer
We are excited to announce the launch of our new analytics platform.,Announcement,Friendly,Customer
We are excited to announce the launch of our new analytics platform.,Announcement,Friendly,Customer
We are excited to announce the launch of our new analytics platform.,Announcement,Friendly,Customer
We are excited to announce the launch of our new analytics platform.,Announcement,Friendly,Customer
We are excited to announce the launch of our new analytics platform.,Announcement,Friendly,Customer
We are excited to announce the launch of our new analytics platform.,Announcement,Friendly,Customer
We are excited to announce the launch of our new analytics platform.,Announcement,Friendly,Customer
We are excited to announce the launch of our new analytics platform.,Announcement,Friendly,Customer
We are excited to announce the launch of our new analytics platform.,Announcement,Friendly,Customer
We are excited to announce the launch of our new analytics platform.,Announcement,Friendly,Customer
We are excited to announce the launch of our new analytics platform.,Announcement,Friendly,Customer
We are excited to announce the launch of our new analytics platform.,Announcement,Friendly,Customer
We are excited to announce the launch of our new analytics platform.,Announcement,Friendly,Customer
We are excited to announce the launch of our new analytics platform.,Announcement,Friendly,Customer
We are excited to announce the launch of our new analytics platform.,Announcement,Friendly,Customer
We are excited to announce the launch of our new analytics platform.,Announcement,Friendly,Customer
We are excited to announce the launch of our new analytics platform.,Announcement,Friendly,Customer
We are excited to announce the launch of our new analytics platform.,Announcement,Friendly,Customer
We are excited to announce the launch of our new analytics platform.,Announcement,Friendly,Customer
We are excited to announce the launch of our new analytics platform.,Announcement,Friendly,Customer
We are excited to announce the launch of our new analytics platform.,Announcement,Friendly,Customer
We are excited to announce the launch of our new analytics platform.,Announcement,Friendly,Customer
We are excited to announce the launch of our new analytics platform.,Announcement,Friendly,Customer
We are excited to announce the launch of our new analytics platform.,Announcement,Friendly,Customer
We are excited to announce the launch of our new analytics platform.,Announcement,Friendly,Customer
We are excited to announce the launch of our new analytics platform.,Announcement,Friendly,Customer
We are excited to announce the launch of our new analytics platform.,Announcement,Friendly,Customer
We are excited to announce the launch of our new analytics platform.,Announcement,Friendly,Customer
We are excited to announce the launch of our new analytics platform.,Announcement,Friendly,Customer
We are excited to announce the launch of our new analytics platform.,Announcement,Friendly,Customer
We are excited to announce the launch of our new analytics platform.,Announcement,Friendly,Customer
We are excited to announce the launch of our new analytics platform.,Announcement,Friendly,Customer
We are excited to announce the launch of our new analytics platform.,Announcement,Friendly,Customer
We are excited to announce the launch of our new analytics platform.,Announcement,Friendly,Customer
We are excited to announce the launch of our new analytics platform.,Announcement,Friendly,Customer
We are excited to announce the launch of our new analytics platform.,Announcement,Friendly,Customer
We are excited to announce the launch of our new analytics platform.,Announcement,Friendly,Customer
We are excited to announce the launch of our new analytics platform.,Announcement,Friendly,Customer
We are excited to announce the launch of our new analytics platform.,Announcement,Friendly,Customer
We are excited to announce the launch of our new analytics platform.,Announcement,Friendly,Customer
We are excited to announce the launch of our new analytics platform.,Announcement,Friendly,Customer
We are excited to announce the launch of our new analytics platform.,Announcement,Friendly,Customer
We are excited to announce the launch of our new analytics platform.,Announcement,Friendly,Customer
We are excited to announce the launch of our new analytics platform.,Announcement,Friendly,Customer
We are excited to announce the launch of our new analytics platform.,Announcement,Friendly,Customer
We are excited to announce the launch of our new analytics platform.,Announcement,Friendly,Customer
We are excited to announce the launch of our new analytics platform.,Announcement,Friendly,Customer
We are excited to announce the launch of our new analytics platform.,Announcement,Friendly,Customer
We are excited to announce the launch of our new analytics platform.,Announcement,Friendly,Customer
We are excited to announce the launch of our new analytics platform.,Announcement,Friendly,Customer
We are excited to announce the launch of our new analytics platform.,Announcement,Friendly,Customer
We are excited to announce the launch of our new analytics platform.,Announcement,Friendly,Customer
We are excited to announce the launch of our new analytics platform.,Announcement,Friendly,Customer
We are excited to announce the launch of our new analytics platform.,Announcement,Friendly,Customer
We are excited to announce the launch of our new analytics platform.,Announcement,Friendly,Customer
We are excited to announce the launch of our new analytics platform.,Announcement,Friendly,Customer
We are excited to announce the launch of our new analytics platform.,Announcement,Friendly,Customer
We are excited to announce the launch of our new analytics platform.,Announcement,Friendly,Customer
We are excited to announce the launch of our new analytics platform.,Announcement,Friendly,Customer
We are excited to announce the launch of our new analytics platform.,Announcement,Friendly,Customer
We are excited to announce the launch of our new analytics platform.,Announcement,Friendly,Customer
We are excited to announce the launch of our new analytics platform.,Announcement,Friendly,Customer
We are excited to announce the launch of our new analytics platform.,Announcement,Friendly,Customer
We are excited to announce the launch of our new analytics platform.,Announcement,Friendly,Customer
We are excited to announce the launch of our new analytics platform.,Announcement,Friendly,Customer
We are excited to announce the launch of our new analytics platform.,Announcement,Friendly,Customer
We are excited to announce the launch of our new analytics platform.,Announcement,Friendly,Customer
We are excited to announce the launch of our new analytics platform.,Announcement,Friendly,Customer
We are excited to announce the launch of our new analytics platform.,Announcement,Friendly,Customer
We are excited to announce the launch of our new analytics platform.,Announcement,Friendly,Customer
We are excited to announce the launch of our new analytics platform.,Announcement,Friendly,Customer
We are excited to announce the launch of our new analytics platform.,Announcement,Friendly,Customer
We are excited to announce the launch of our new analytics platform.,Announcement,Friendly,Customer
We are excited to announce the launch of our new analytics platform.,Announcement,Friendly,Customer
We are excited to announce the launch of our new analytics platform.,Announcement,Friendly,Customer
We are excited to announce the launch of our new analytics platform.,Announcement,Friendly,Customer
We are excited to announce the launch of our new analytics platform.,Announcement,Friendly,Customer
We are excited to announce the launch of our new analytics platform.,Announcement,Friendly,Customer
We are excited to announce the launch of our new analytics platform.,Announcement,Friendly,Customer
We are excited to announce the launch of our new analytics platform.,Announcement,Friendly,Customer
We are excited to announce the launch of our new analytics platform.,Announcement,Friendly,Customer
We are excited to announce the launch of our new analytics platform.,Announcement,Friendly,Customer
We are excited to announce the launch of our new analytics platform.,Announcement,Friendly,Customer
We are excited to announce the launch of our new analytics platform.,Announcement,Friendly,Customer
We are excited to announce the launch of our new analytics platform.,Announcement,Friendly,Customer
We are excited to announce the launch of our new analytics platform.,Announcement,Friendly,Customer
We are excited to announce the launch of our new analytics platform.,Announcement,Friendly,Customer
We are excited to announce the launch of our new analytics platform.,Announcement,Friendly,Customer
We are excited to announce the launch of our new analytics platform.,Announcement,Friendly,Customer
We are excited to announce the launch of our new analytics platform.,Announcement,Friendly,Customer
We are excited to announce the launch of our new analytics platform.,Announcement,Friendly,Customer
We are excited to announce the launch of our new analytics platform.,Announcement,Friendly,Customer
We are excited to announce the launch of our new analytics platform.,Announcement,Friendly,Customer
We are excited to announce the launch of our new analytics platform.,Announcement,Friendly,Customer
We are excited to announce the launch of our new analytics platform.,Announcement,Friendly,Customer
We are excited to announce the launch of our new analytics platform.,Announcement,Friendly,Customer
We are excited to announce the launch of our new analytics platform.,Announcement,Friendly,Customer
We are excited to announce the launch of our new analytics platform.,Announcement,Friendly,Customer
We are excited to announce the launch of our new analytics platform.,Announcement,Friendly,Customer
